DATE,"Oil,bopd","Liquid , blpd",Water cut,Change in oil w.r.t. previous day,Number of oil flowing strings,Daily loss bbls,Change in loss w.r.t. previous day,"Total Gas,  MMSCMD","Free Gas, MMSCMD",Uran HUT line pressure (KSC),Number of injector strings,WATER INJECTION (BBL),"Oil,bopd","Liquid , blpd",W/C%,Daily Loss,"Total Gas,  MMSCMD","Oil,bopd","Liquid , blpd",Change in oil w.r.t. previous day,Number of flowing strings,Daily loss  bbls,Change in loss w.r.t. previous day,"Gas,  MMSCMD",Number of injector strings,WATER INJECTION (BBL),"Oil,bopd","Liquid , blpd",Daily loss  bbls,Number of flowing strings,"Gas,  MMSCMD","Oil,bopd","Liquid , blpd",Daily loss  bbls,"Total Gas,  MMSCMD","Oil,bopd","Liquid , blpd",Daily loss  bbls,"Total Gas,  MMSCMD","Oil,bopd","Liquid , blpd",Total Loss,"Gas,  MMSCMD",Remark,Gas Remark,Water Injection,WI Remark
2023-04-01 00:00:00,28766,101976.57537557816,0.7179156105796329,-65,177,678,-211,1.833,1.068,[[[[[[[[,52,133481.8512,9735,13508.325624421832,27.933333333333334,0,0.10679093799682035,12122,144771,-12,106,1089,0,0.803,21,103653,1854.5060000000003,23413,298,11,0.059386999999999995,684.505,2191.099,0,0.11456199900000001,252.341,361,80,0.028502,53414.352,286221,2302,2.945241936996821,,,237134.8512,
2023-04-02 00:00:00,28713,99842.10892079209,0.7124159304088926,-53,177,641,-37,1.779,0.987,54.92250000000001,53,133397.12490000002,9709.999999999996,14420.792079207913,32.66666666666666,0,0.1018855325914149,12077,144785,-45,106,22,-1067,0.801,21,103565,1854.5060000000003,23413,0,11,0.059386999999999995,684.505,2191.099,0,0.11456199900000001,252.341,361,80,0.028502,53291.352,285013,743,2.884336531591415,,,236962.12490000002,
2023-04-03 00:00:00,28719,101466.30484615384,0.7169602259238219,6,178,617,-24,1.814,1.0370000000000001,54.70708333333334,54,119821.10340000005,9705.000000000002,13997.596153846156,30.666666666666664,0,0.10183306836248014,12085,144372,8,106,0,-22,0.793,21,103596,1854.5060000000003,23413,0,11,0.059386999999999995,684.505,2191.099,0,0.11456199900000001,252.341,361,80,0.028502,53300.352,285801,697,2.9112840673624807,,,223417.10340000005,TG-2 maintenance job
2023-04-04 00:00:00,28698,101362.04094169097,0.7168762612375902,-21,177,650,33,1.836,1.064,54.655833333333334,52,134260.17580000003,9559.999999999998,13935.860058309037,31.400000000000006,154,0.09727186009538949,12060,144965,-25,106,0,0,0.797,21,103225,1854.5060000000003,23413,0,11,0.059386999999999995,684.505,2191.099,0,0.11456199900000001,252.341,361,80,0.028502,53109.352,286228,884,2.93272285909539,"R-9A-5: ESP tripped, R-13A-5: ESP Maintainance",,237485.17580000003,
2023-04-05 00:00:00,28586,100897.46856756757,0.7166826838588429,-112,176,755,105,1.74,0.983,55.25916666666668,54,133791.6966,9569.999999999998,12932.432432432432,26.00000000000001,114,0.09889507154213033,12006,144909,-54,106,0,0,0.811,21,103162,1854.5060000000003,23413,0,11,0.059386999999999995,684.505,2191.099,0,0.11456199900000001,252.341,361,80,0.028502,52953.352,284704,949,2.8523460705421306,,,236953.6966,
2023-04-06 00:00:00,28600,98873.83914432989,0.7107424952089552,14,176,768,13,1.88,1.137,54.32583333333332,54,132464.19210000001,9571.999999999998,14802.061855670103,35.33333333333335,114,0.09891573926868043,11402,136587,-604,79,620,620,0.579,21,103187,1854.5060000000003,23413,0,11,0.059386999999999995,684.505,2191.099,0,0.11456199900000001,252.341,361,80,0.028502,52365.352,276228,1582,2.7603667382686807,"NLM: PGC-C tripped due to Enclosure UV coincidence alarm, Low GIP",,235651.19210000001,
2023-04-07 00:00:00,28608,100271.62827272728,0.7146949691273634,8,176,767,-1,1.862,1.1400000000000001,54.13875000000001,54,105883.34400000001,9568,13047.272727272728,26.66666666666667,114,0.09887440381558028,11351,128296,-51,79,708,88,0.242,21,103200,1826.5060000000003,23385,0,11,0.059386999999999995,684.505,2191.099,0,0.11456199900000001,252.341,361,80,0.028502,52290.352,267552,1669,2.405325402815581,,"HF#2,HI#12,HJ#4H",209083.344,TG-2 Stopped/ started for servoloader maintenance job
2023-04-08 00:00:00,28518,100054.4615381166,0.7149752288743683,-90,176,857,90,1.87,1.157,54.476250000000014,54,101143.20000000001,9570.000000000002,12874.439461883412,25.66666666666667,114,0.09889507154213037,11885,137569,534,106,232,-476,0.725,21,103213,1831.5060000000003,23390,0,11,0.059386999999999995,684.505,2191.099,0,0.11456199900000001,252.341,361,80,0.028502,52741.352,276440,1283,2.8963460705421307,Heera: 'PGC-VII Tripped/started,,204356.2,
2023-04-09 00:00:00,28631,101211.42232701421,0.717116908924635,113,177,710,-147,1.76,0.974,55.80833333333333,54,129939.44900000002,9571.999999999998,13609.47867298578,29.666666666666675,114,0.09891573926868043,12050,144739,165,106,0,-232,0.915,21,103169,1831.5060000000003,23390,0,11,0.059386999999999995,684.505,2191.099,0,0.11456199900000001,252.341,361,80,0.028502,53021.352,285501.99999999994,904,2.976366738268681,,,233108.44900000002,
2023-04-10 00:00:00,28354,97950.0756031746,0.710526001890283,-277,178,1028,318,1.639,0.823,56.736250000000005,54,126672.04560000001,9573.999999999998,15196.825396825396,37.000000000000014,114,0.0989364069952305,12024,144956,-26,106,0,0,0.795,21,103181,2454.5060000000003,24013,0,11,0.059386999999999995,684.505,2191.099,0,0.11456199900000001,252.341,361,47,0.028502,53343.352,284668,1189,2.735387405995231,"HZ: Platform shutdown, B-173AC#2: Opened",,229853.0456,
2023-04-11 00:00:00,28688,99915.11253846153,0.7128762679523903,334,178,671,-357,1.598,0.773,57.03791666666667,54,101766.22449999998,9563,13792.788461538463,30.666666666666675,114,0.09882273449920508,12061,144805,37,106,0,0,0.801,21,103150,2654.5060000000003,24213,0,11,0.064387,684.505,2191.099,0,0.11456199900000001,252.341,361,47,0.028502,53903.352,285278,832,2.7052737334992054,,,204916.22449999998,MIP-1650 and Booster pump-1520 stopped at 2200 hrs to reduce TGs load.
2023-04-12 00:00:00,28354,98747.06953932584,0.7128623651083836,-334,171,857,186,1.548,0.73,57.17208333333334,55,90230.80479999997,9525.53838951311,13384.831460674159,28.83333333333332,114,0.09843561133837077,11762,143738,-299,106,0,0,0.774,21,103162,1854.5060000000003,23413,0,11,0.064387,684.505,2191.099,0,0.11456199900000001,1052.341,1161,47,0.028502,53232.89038951311,282635,1018,2.627886610338371,Heera (100): Due to back pressure,PGC-VI and PGC - VII tripped,193392.80479999998,Heera: TG-2 maintenance
2023-04-13 00:00:00,27378,97461.7727948718,0.7190898624671789,-976,173,1759,902,1.578,0.9939999999999999,55.24291666666665,52,132536.3384,9520,12205.128205128205,21.999999999999996,114,0.09837837837837837,12106,143914,344,106,0,0,0.768,21,103194,1694.5060000000003,23253,160,11,0.064387,684.505,2191.099,0,0.11456199900000001,752.341,861,47,0.028502,52135.352,279886,2080,2.651829377378379,"B-173AB: Platform shutdown occured due to Low Hydraulic Pressure
Heera: 600bopd due to back pressure
'HP#2,6; 'HK#5,8,9, 'HSD#7,11: to redurce flaring",,235730.3384,
2023-04-14 00:00:00,27102,97100.50814285714,0.7208871455118779,-276,168,1960,201,1.639,0.997,54.82333333333333,52,131326.31851999997,9529.999999999998,12763.392857142853,25.33333333333333,114,0.09848171701112876,12069,146150,-37,106,0,0,0.78,21,103169,1854.5060000000003,23413,0,11,0.064387,684.505,2191.099,0,0.11456199900000001,552.341,661,47,0.028502,51792.352,282279,2121,2.724932716011129,"HK#5,8,9; HP#2,6; HSC#4,5; HE#10SS, 12; : to redurce flaring
Heera: 800bopd due to back pressure",,234495.31851999997,
2023-04-15 00:00:00,27309,96525.1520460251,0.717078922735304,207,169,1679,-281,1.764,1.042,54.4125,52,131244.624,9512,11939.748953974895,20.333333333333325,114,0.09829570747217806,12000,145566,-69,106,0,0,0.764,21,103206,1854.5060000000003,23413,0,11,0.064387,684.505,2191.099,0,0.11456199900000001,452.341,561,47,0.028502,51812.352,280196,1840,2.833746706472178,"HK#5,8,9: Wells reopened; Heera: 600bopd due to back pressure",,234450.624,
2023-04-16 00:00:00,27543,99450.11020502092,0.7230470640684172,234,171,1368,-311,1.784,0.9229999999999999,55.811416666666666,52,138015.2429,9520,11949.790794979079,20.333333333333325,114,0.09837837837837837,11819,142700,-181,106,145,145,0.712,21,103175,1854.5060000000003,23413,0,11,0.064387,684.505,2191.099,0,0.11456199900000001,452.341,561,47,0.028502,51873.352,280265,1674,2.8018293773783784,"Heera (400): Deoptimised; HK#9; HSC#4,5; HE#10SS, 12; : to redurce flaring
NLM-5 (All wells): to arrest leakage in 6"" Test Separator outlet line by clamping",,241190.2429,
2023-04-17 00:00:00,27451,99110.70473831776,0.7230268912679115,-92,176,1193,-175,1.698,0.827,56.74166666666667,52,128042.00760000001,9521,13347.196261682244,28.666666666666675,114,0.09838871224165341,12016,145160,197,106,0,-145,0.764,21,103213,1854.5060000000003,23413,0,11,0.064387,684.505,2191.099,0,0.11456199900000001,452.341,561,47,0.028502,51979.352,283783,1354,2.7678397112416535,,,231255.0076,
2023-04-18 00:00:00,27320,98794.38576052249,0.723466067533193,-131,171,1372,179,1.144,0.524,60.42666666666668,52,137139.80070000002,9512,13805.515239477503,31.099999999999994,114,0.09829570747217806,11910,140394,-106,106,37,37,0.712,21,101061,1854.5060000000003,23413,44,11,0.064387,684.505,2191.099,0,0.11456199900000001,452.341,561,47,0.028502,51733.352,279159,1614,2.161746706472178,,,238200.80070000002,
2023-04-19 00:00:00,27358,99780.22773267327,0.7258174227333262,38,176,1202,-170,1.882,1.197,54.012916666666676,52,138415.2869,9516,14132.67326732673,32.66666666666666,114,0.0983370429252782,12131,142668,221,106,0,-37,0.811,21,103024,1824.5060000000003,23383,30,11,0.064387,684.505,2191.099,0,0.11456199900000001,452.341,561,47,0.028502,51966.352,282716,1393,2.998788041925278,,,241439.2869,
2023-04-20 00:00:00,27263,98076.83648387097,0.7220240682978851,-95,177,1055,-147,2.128,1.197,53.62625,52,119681.5912,9521.999999999998,15358.064516129029,38,114,0.09839904610492843,11973,144876,-158,106,0,0,0.766,20,94161,1824.5060000000003,23383,16,11,0.064387,684.505,2191.099,0,0.11456199900000001,452.341,561,47,0.028502,51719.352,284446,1232,3.1998500451049288,,PGC_VI trip,213842.5912,MIP-1610 and 1630 stopped to reduce load on TGs for TG-4 boroscopy job
2023-04-21 00:00:00,27244,98127.37624752476,0.7223608635853318,-19,175,1120,65,2.043,1.314,52.95666666666668,52,80979.59860000003,9525.999999999995,14147.52475247524,32.666666666666664,114,0.09844038155802856,11985,144629,12,106,0,0,0.764,20,95451,1854.5060000000003,23413,0,11,0.064387,684.505,2191.099,0,0.11456199900000001,421.991,556,47,0.043758,51716.00199999999,283064,1281,3.1281473805580284,,,176430.59860000003, MIP-1610 and 1630 stopped to reduce load on TGs for TG-1 boroscopy job
2023-04-22 00:00:00,26969,96884.95841626794,0.72163893713896,-275,171,1358,238,1.898,1.238,53.60958333333335,52,122010.14920000001,9521.999999999998,13667.942583732054,30.333333333333336,114,0.09839904610492843,12002,145778,17,106,0,0,0.737,20,95356,1845.9180000000006,23413.999999999996,0,11,0.06442800000000001,684.505,2191.099,0,0.11456199900000001,421.991,556,47,0.043758,51445.414,282492,1519,2.9561470451049283,Heera: Wll closed to reduce flaring due to PGC VI-VII shutdown/to be opened,PGC-VI/VII trip,217366.1492,
2023-04-23 00:00:00,27360,99612.901,0.7253367814275382,391,175,817,-541,1.958,1.1960000000000002,54.115416666666654,52,123537.04670000004,9522,13800,31.000000000000007,114,0.09839904610492844,11982,144930,-20,106,0,0,0.737,20,95294,1845.9180000000006,23413.999999999996,0,11,0.06442800000000001,684.505,2191.099,0,0.11456199900000001,421.991,556,47,0.043758,51816.414,284504,978,3.016147045104929,,PGC-VI Boroscopy job,218831.04670000004,
2023-04-24 00:00:00,27388,97724.53365306123,0.7197428427007687,28,175,796,-21,1.941,1.165,54.125,52,110128.52789999999,9518,14568.367346938774,34.66666666666666,114,0.0983577106518283,11945,146359,-37,106,0,0,0.733,20,95262,1845.9180000000006,23413.999999999996,0,11,0.06442800000000001,684.505,2191.099,0,0.11456199900000001,421.991,556,47,0.043758,51803.414,284813,957,2.9951057096518285,,,205390.5279,
2023-04-25 00:00:00,27334,98010.26179249218,0.7211108357421625,-54,175,811,15,1.911,1.1400000000000001,54.06541666666667,52,135842.3624,9522.000000000002,14893.639207507826,36.06666666666668,114,0.09839904610492846,11828,146347,-117,106,80,80,0.727,18,87796,1845.9180000000006,23413.999999999996,40,11,0.06442800000000001,684.505,2191.099,0,0.11456199900000001,421.991,556,47,0.043758,51636.414,285412,1092,2.9591470451049284,NLM-9#9: Deoptimized,,223638.3624,
2023-04-26 00:00:00,27086,98272.11205527638,0.7243775529647252,-248,175,1136,325,1.938,1.1580000000000001,53.83000000000001,52,134487.05610000002,9524,14357.788944723616,33.66666666666666,114,0.09841971383147853,11826,146914,-2,106,0,-80,0.736,18,78059,1845.9180000000006,23413.999999999996,0,11,0.06442800000000001,684.505,2191.099,0,0.11456199900000001,421.991,556,47,0.043758,51388.414,285704.99999999994,1297,2.9951677128314786,HT: 'Leakage rectification in GI line below cellar deck,,212546.05610000002,
2023-04-27 00:00:00,27356,99591.901,0.7253190297070442,270,175,898,-238,1.84,1.2120000000000002,53.3975,52,133517.45260000002,9520.000000000002,13600.000000000002,29.999999999999993,114,0.09837837837837839,11914,145205,88,106,0,0,0.718,18,79940,1862.988,23338,0,11,0.065113,684.505,2191.099,0,0.11456199900000001,346.421,459,47,0.045607,51683.914,284385,1059,2.881660377378379,,,213457.45260000002,
2023-04-28 00:00:00,27370,98414.47516267942,0.7218905048799243,14,175,898,0,1.899,1.252,53.20333333333334,52,133305.228,9530,13679.425837320574,30.333333333333336,114,0.09848171701112877,11910,145089,-4,106,0,0,0.729,18,79977,1800.988,23276,0,11,0.053710000000000015,684.505,2191.099,0,0.11456199900000001,346.421,459,62,0.045607,51641.914,283108.99999999994,1074,2.940360716011129,B-173AC-2:Reservoir study.,,213282.228,
2023-04-29 00:00:00,27356,99049.10389855072,0.7238137557708861,-14,175,869,-29,1.922,1.236,53.47083333333333,52,132951.9816,9525.999999999998,13805.797101449274,31.000000000000007,114,0.09844038155802859,11883,144786,-27,106,4,4,0.698,18,75071,1682.988,22118,85,11,0.04440800000000001,684.505,2191.099,0,0.11456199900000001,346.421,459,94,0.045607,51478.914,282409,1166,2.923017380558029,B-173AB Shut-down.,,208022.9816,
2023-04-30 00:00:00,27325,95862.63580662983,0.7149567214579946,-31,175,796,-73,2.14,1.2510000000000001,53.215225000000004,52,132607.7928,9528,15792.265193370165,39.666666666666664,114,0.09846104928457869,11634,141572,-249,106,260,256,0.679,18,79996,1738.988,22978,30,11,0.047506000000000013,684.505,2191.099,0,0.11456199900000001,346.421,459,94,0.045607,51256.914,278855,1294,3.1251360482845785,"NLM-6: Planned shutdown for WF 12"" Scrapper T valve replacement.",,212603.7928,
2023-05-01 00:00:00,27408,97606.29526086956,0.7191984397446146,83,175,796,0,2.091,1.2770000000000001,53.04916666666668,52,132815.1112,9525.999999999998,15531.521739130432,38.66666666666667,114,0.09844038155802859,11898,146342,264,106,0,-260,0.726,18,80040,1768.988,23244,0,11,0.048008000000000016,598.789,2357.183,0,0.10506899900000001,346.421,459,94,0.045607,51546.198,285540,1004,3.114124380558029,,,212855.1112,
2023-05-02 00:00:00,27427,98660.17232994922,0.7220053507683335,19,175,816,20,1.839,1.066,54.66916666666666,52,132574.1413,9528.000000000007,14509.644670050777,34.33333333333335,114,0.09846104928457877,11866,145729,-32,106,0,0,0.74,18,80663,1768.988,23244,0,11,0.048008000000000016,598.789,2357.183,0,0.10506899900000001,346.421,459,94,0.045607,51535.198000000004,284959,1024,2.8761450482845787,,,213237.1413,
2023-05-03 00:00:00,26998,98246.43238461539,0.7252012175433693,-429,175,1320,504,1.749,0.993,55.27875,51,133273.4006,9528,12215.384615384615,21.999999999999996,114,0.09846104928457869,11836,145284,-30,106,0,0,0.76,18,80669,1768.988,23244,0,11,0.048008000000000016,598.789,2357.183,0,0.10506899900000001,346.421,459,94,0.045607,51076.198,281806,1528,2.806145048284579,HD (500): Production header leakage rectification,,213942.4006,
2023-05-04 00:00:00,27560,102491.72397674418,0.731100239798352,562,175,807,-513,1.849,0.999,55.068333333333335,51,134170.54330000002,9526.000000000004,13292.093023255818,28.333333333333332,114,0.09844038155802864,11879,145290,43,106,0,0,0.765,18,80682,1862.988,23338,0,11,0.065113,598.789,2357.183,0,0.10506899900000001,346.421,459,0,0.045607,51773.198,287228,921,2.928229380558029,,,214852.54330000002,
2023-05-05 00:00:00,28163,103312.10671962617,0.7273988412952392,603,177,819,12,1.833,1.01,55.180416666666666,51,131375.07859999998,2947.999999999998,4132.71028037383,28.666666666666675,6281,0.04124387917329091,11867,144700,-12,106,0,0,0.753,20,95136,1852.988,23328,10,11,0.065113,598.789,2357.183,0,0.10506899900000001,346.421,459,0,0.045607,45776.198,278289,7110,2.8430328781732914,PRP-VII hookup job at R-10A (6167),,226511.07859999998,
2023-05-06 00:00:00,27433,100291.14667032966,0.7264663840151722,-730,173,1391,572,1.729,0.951,55.53666666666668,49,129666.16946666667,1209.9999999999993,1329.670329670329,9.000000000000007,8336,0.02096820349761525,11898,144967,31,106,0,0,0.742,20,95149,1852.988,23328,0,11,0.065113,598.789,2357.183,0,0.10506899900000001,346.421,459,0,0.045607,43339.198,272732,9727,2.7077572024976155,"HC#8,9,12: 'GL line topside modification job under PRP-VII
'PRP-VII hookup job at R-10A (8222)",,224815.16946666667,
2023-05-07 00:00:00,27416,98650.75232338309,0.7220903099640974,-17,173,1461,70,1.713,0.959,55.48416666666666,49,128078.74119999999,8110.000000000001,10087.064676616916,19.599999999999994,1383,0.08767567567567568,11874,144366,-24,106,0,0,0.745,20,95161,1862.988,23338,0,11,0.065113,598.789,2357.183,0,0.10506899900000001,346.421,459,0,0.045607,50208.198,279258.00000000006,2844,2.761464674675676,PRP-VII hookup job at R-10A (1269),,223239.7412,
2023-05-08 00:00:00,27407,100774.87976150628,0.7280373832758582,-9,173,1411,-50,1.78,1.066,54.418333333333344,49,127728.19950000002,9547.999999999998,11984.937238493721,20.333333333333336,114,0.09866772655007947,11835,143915,-39,106,25,25,0.757,20,95168,1862.988,23338,0,11,0.06011300000000001,598.789,2357.183,0,0.10506899900000001,346.421,459,0,0.045607,51598.198,282829,1550,2.8464567255500794,,,222896.19950000002,
2023-05-09 00:00:00,27111,96741.35188372093,0.7197578959555342,-296,172,1694,283,1.672,0.981,55.23833333333334,49,126073.36339999999,9540.62015503876,13860.46511627907,31.166666666666675,114,0.09859146424125903,11929,144697,94,106,0,-25,0.743,20,95199,1862.9880000000003,23338,0,11,0.060113,598.789,2357.183,0,0.10506899900000001,283.06100000000004,393,63,0.046097,51325.45815503876,281387,1871,2.7248704632412593,HZ: Shutdown due to  hydraulic pressure low-low.,,221272.36339999997,
2023-05-10 00:00:00,27406,96394.6191978022,0.7156895247050796,295,173,1377,-317,1.52,0.785,56.52208333333334,49,127415.64940000001,9525.999999999998,15702.197802197801,39.33333333333334,114,0.09844038155802859,11937,142599,8,106,0,0,0.753,20,95218,1862.9880000000003,23338,0,11,0.060113,598.789,2357.183,0,0.10506899900000001,283.06100000000004,393,63,0.046097,51613.837999999996,280784,1554,2.5827193805580286,,,222633.6494,
2023-05-11 00:00:00,27307,94329.5012105263,0.7105147419463638,-99,175,1416,39,1.563,0.869,55.87375000000001,49,127393.38279999999,9542.000000000004,15066.315789473689,36.66666666666666,114,0.09860572337042929,11914,140713,-23,106,24,24,0.725,20,92242,1862.9880000000003,23338,0,11,0.060113,598.789,2357.183,0,0.10506899900000001,283.06100000000004,393,63,0.046097,51507.837999999996,276197,1617,2.5978847223704293,,PGC-VII tripping,219635.3828,
2023-05-12 00:00:00,27412,97624.30515165876,0.7192092690706927,105,176,919,-497,1.661,0.844,56.115000000000016,50,126263.2585,9545.999999999998,13572.511848341232,29.666666666666675,114,0.09864705882352938,11890,140815,-24,106,0,-24,0.742,20,88075,1862.9880000000003,23338,0,11,0.060113,598.789,2357.183,0,0.10506899900000001,283.06100000000004,393,63,0.046097,51592.837999999996,278100,1096,2.7129260578235295,,,214338.2585,
2023-05-13 00:00:00,27415,98082.48366666667,0.720490356941104,3,176,981,62,1.635,0.779,56.53440476190477,50,125664.92674285715,9526,12701.333333333334,25,114,0.0984403815580286,11878,141225,-12,106,16,16,0.736,20,95451,1862.9880000000003,23338,0,11,0.060113,598.789,2357.183,0,0.10506899900000001,283.06100000000004,393,63,0.046097,51563.837999999996,278097,1174,2.6807193805580285,"HC,HJ,HK: Deoptimized",,221115.92674285715,
2023-05-14 00:00:00,27466,97549.09869014085,0.7184392232341974,51,176,1037,56,1.648,0.821,56.38750000000001,50,126037.25880000001,9528.000000000002,13419.718309859156,28.999999999999993,114,0.0984610492845787,11864,140335,-14,106,6,-10,0.744,20,95476,1862.9880000000003,23338,0,11,0.060113,598.789,2357.183,0,0.10506899900000001,283.06100000000004,393,63,0.046097,51602.837999999996,277392.00000000006,1220,2.701740048284579,,,221513.2588,
2023-05-15 00:00:00,27448,97882.20300451467,0.7195813012225113,-18,176,1049,12,1.716,0.915,55.81817708333333,50,124496.09872499999,9522,12896.613995485328,26.16666666666667,114,0.09839904610492844,11876,142402,12,106,0,-6,0.761,20,95426,1862.9880000000003,23338,0,11,0.060113,598.789,2357.183,0,0.10506899900000001,283.06100000000004,393,63,0.046097,51590.837999999996,279269,1226,2.7866780451049284,,,219922.098725,
2023-05-16 00:00:00,27320,97384.50755374592,0.719462564567344,-128,174,1139,90,1.71,0.963,55.63901041666666,50,119282.77374999998,9522.888165038003,12915.309446254072,26.26666666666666,114,0.09840822428099684,11867,140436,-9,106,6,6,0.751,20,95501,1862.9880000000003,23338,0,11,0.060113,598.789,2357.183,0,0.10506899900000001,283.06100000000004,393,63,0.046097,51454.726165038,276824,1322,2.770687223280997,,,214783.77375,
2023-05-17 00:00:00,27331,99068.89186631015,0.7241212707124838,11,175,1185,46,1.726,0.903,55.84791666666667,50,125080.17239999998,9541.443850267382,12721.925133689843,25,114,0.09859997619513192,11783,141328,-84,106,100,94,0.734,20,95482,1862.9880000000003,23338,0,11,0.060113,598.789,2357.183,0,0.10506899900000001,283.06100000000004,393,63,0.046097,51400.281850267376,279207,1462,2.769878975195132,,,220562.17239999998,
2023-05-18 00:00:00,27320,97531.6014588344,0.7198856617613207,-11,170,1219,34,1.539,0.782,56.65,50,125830.12909999999,9518.000000000004,13207.215541165593,27.933333333333334,114,0.09835771065182833,11686,141186,-97,106,159,59,0.746,21,96929,1862.9880000000003,23338,0,11,0.060113,598.789,2357.183,0,0.10506899900000001,283.06100000000004,393,63,0.046097,51268.837999999996,278013,1555,2.5946367096518284,,,222759.1291,
2023-05-19 00:00:00,27022,94028.9767633136,0.7126205034856561,-298,167,1543,324,1.36,0.6819999999999999,58.98875000000002,50,126082.5468,9520.000000000002,14082.840236686396,32.400000000000006,114,0.09837837837837839,11797,142059,111,106,121,-38,0.649,21,97904,1862.9880000000003,23338,0,11,0.060113,598.789,2357.183,0,0.10506899900000001,283.06100000000004,393,63,0.046097,51083.837999999996,276259.00000000006,1841,2.3186573773783787,"HP#2,#6,HK#5,#8, HSD#7 : Closed to reduce throughtput",PGC IV stopped to reduce throughput.,223986.5468,
2023-05-20 00:00:00,26984,93318.43197326202,0.7108395476712299,-38,176,1488,-55,1.587,0.728,57.01,50,74282.8243,9522,14144.38502673797,32.68000000000001,114,0.09839904610492844,12210,142765,413,106,14,-107,0.737,21,85733,1862.9880000000003,23338,0,11,0.060113,598.789,2357.183,0,0.10506899900000001,283.06100000000004,393,63,0.046097,51460.837999999996,276316,1679,2.6336780451049284,HT: 'Suspected wells deoptimised (SCADA link not available),,160015.82429999998,MIP-1630 stopped to reduce load on TGs
2023-05-21 00:00:00,27277,90849.70657055214,0.6997568728654373,293,176,1244,-244,1.737,0.844,56.32125000000002,50,97369.64029999997,9516.000000000002,17514.110429447857,45.666666666666664,114,0.09833704292527823,11965,140383,-245,106,0,-14,0.773,21,97935,1862.9880000000003,23338,0,11,0.060113,598.789,2357.183,0,0.10506899900000001,283.06100000000004,393,63,0.046097,51502.837999999996,274835,1421,2.8196160419252787,,PGC-B Trip,195304.64029999997,
2023-05-22 00:00:00,27517,98494.7570448718,0.7206247233295482,240,176,1116,-128,1.668,0.9319999999999999,55.43,50,104553.51219999995,9519.999999999998,12205.128205128201,21.999999999999986,114,0.09837837837837836,11876,138806,-89,106,0,0,0.77,21,97960,1862.9880000000003,23338,0,11,0.060113,493.60825,2221.1147499999997,0,0.09798824900000001,283.06100000000004,393,63,0.046097,51552.65725,275458,1293,2.7405766273783785,,,202513.51219999994,
2023-05-23 00:00:00,27488,97207.35754054053,0.717223050852544,-29,177,1029,-87,1.741,0.939,55.214999999999996,50,122124.75300000001,9516.000000000002,12859.459459459462,26,114,0.09833704292527823,11861,138836,-15,106,0,0,0.763,21,99929,1862.9880000000003,23338,0,11,0.060113,598.789,2357.183,0,0.10506899900000001,283.06100000000004,393,63,0.046097,51609.837999999996,274991,1206,2.8136160419252785,,,222053.75300000003,
2023-05-24 00:00:00,27238,95150.79374418604,0.7137385939918729,-250,178,1271,242,1.744,0.9209999999999999,55.02708333333333,50,127438.92240000001,7520.000000000003,10493.023255813956,28.33333333333332,2096,0.0801017488076312,11811,138763,-50,105,28,28,0.76,21,95784,1862.9880000000003,23338,0,11,0.060113,598.789,2357.183,0,0.10506899900000001,283.06100000000004,393,63,0.046097,49313.837999999996,270495,3458,2.7953807478076316,"HQ: Wells closed for GL line leakage rectification/Opened, 
R-7A, R-10A, R-13A:Commissioning of H2S scavenger dosing system",,223222.9224,NLM: TG-2 tripped
2023-05-25 00:00:00,27521,97195.11888679245,0.7168479208091205,283,178,1015,-256,1.708,0.849,55.73333333333334,50,125403.22679999997,7082,10021.698113207547,29.333333333333332,2555,0.06305119236883942,11804,140518,-7,105,0,-28,0.757,21,99948,1862.9880000000003,23338,0,11,0.060113,598.789,2357.183,0,0.10506899900000001,283.06100000000004,393,63,0.046097,49151.837999999996,273823,3633,2.7393301913688397,"R-7A, R-10A, R-13ACommissioning of H2S scavenger dosing system",,225351.22679999997,
2023-05-26 00:00:00,27658,99641.52191803278,0.7224249543001555,137,177,1057,42,1.712,0.908,55.09499999999999,50,125344.41530000001,8305.999999999998,10212.295081967211,18.666666666666675,1335,0.08055103338632749,11783,142298,-21,105,40,40,0.756,21,99885,1862.9880000000003,23338,0,11,0.060113,598.789,2357.183,0,0.10506899900000001,283.06100000000004,393,63,0.046097,50491.837999999996,278240,2495,2.7598300323863274,,,225229.4153,
2023-05-27 00:00:00,27757,100456.02260747663,0.723690035902993,99,177,1015,-42,1.709,0.938,55.09708333333334,50,127928.34730000002,9733.999999999998,13645.794392523363,28.666666666666675,114,0.09749475357710649,11749,142270,-34,105,61,21,0.751,21,99967,1838.9880000000003,23314,0,11,0.060113,598.789,2357.183,0,0.10506899900000001,283.06100000000004,393,63,0.046097,51960.837999999996,282436,1253,2.768773752577107,,,227895.34730000002,
2023-05-28 00:00:00,27845,97587.442,0.7146661555080007,88,177,1015,0,1.681,0.909,55.17708333333334,50,115043.53390000002,9622.000000000002,15034.375000000002,36,114,0.09790270270270272,11738,142276,-11,105,38,-23,0.729,21,99891,1862.9880000000003,23338,0,11,0.060113,598.789,2357.183,0,0.10506899900000001,251.06100000000004,361,95,0.046097,51917.837999999996,280954,1262,2.719181701702703,,,214934.53390000004,Heera: MIP-1650 stopped for 4.5 hrs
2023-05-29 00:00:00,27445,95854.97084615384,0.7136820369592629,-400,177,1381,366,1.641,0.852,55.57069444444446,50,128781.85836666665,9627.403846153846,15403.846153846152,37.5,114,0.09795768619298031,11801,141547,63,105,38,0,0.731,21,99822,1810.6380000000001,22834,0,11,0.057679999999999995,598.789,2357.183,0,0.10506899900000001,260.836,368,63,0.046278,51543.66684615384,278365,1596,2.6789846851929804,HD: P/H Line leakage ,,228603.85836666665,
2023-05-30 00:00:00,27959,98730.97084615385,0.7168163164974168,514,177,1015,-366,1.557,0.766,56.02166666666667,50,109389.83029999997,9615.999999999995,14793.846153846147,35.00000000000001,114,0.09784165341812395,11788,141304,-13,105,38,0,0.754,21,99678,1810.6380000000001,22834,0,11,0.057679999999999995,598.789,2357.183,0,0.10506899900000001,230.836,338,93,0.046278,52003.26299999999,280358,1260,2.617868652418124,,,209067.83029999997,Heera: WI shutdown for 3 hrs
2023-05-31 00:00:00,27961,99998.59004964538,0.7203860575822274,2,177,1015,0,1.471,0.6749999999999999,56.72666666666666,50,119349.91949999999,9622.000000000005,13648.226950354618,29.500000000000004,114,0.10402162162162167,11801,141381,13,106,38,0,0.743,21,99646,1810.6380000000001,22834,0,11,0.057679999999999995,598.789,2357.183,0,0.10506899900000001,230.836,338,93,0.046278,52024.263000000006,280557,1260,2.527048620621622,,,218995.9195,
2023-06-01 00:00:00,27881,98333.05942424243,0.7164636169844789,-80,177,1033,18,1.553,0.735,56.37833333333335,50,128793.66259999998,9619.999999999998,14575.757575757574,34.00000000000001,114,0.10399999999999997,11786,142273,-15,106,28,-10,0.743,21,99627,1810.6380000000001,22834,0,11,0.057679999999999995,598.789,2357.183,0,0.10506899900000001,230.836,338,75,0.046278,51927.263,280711,1250,2.609026999,,,228420.66259999998,
2023-06-02 00:00:00,27894,99406.52554271357,0.71939467909464,13,177,1015,-18,1.699,0.905,54.906666666666666,49,126611.85029999999,9657,14558.29145728643,33.66666666666666,114,0.1044,11752,142525,-34,106,0,-28,0.754,21,99615,1810.6380000000001,22834,0,11,0.057679999999999995,598.789,2357.183,0,0.10506899900000001,260.836,368,35,0.046278,51973.263,282049,1164,2.7664269990000006,,,226226.8503,
2023-06-03 00:00:00,27855,97171.33984263959,0.7133414024638467,-39,177,1100,85,1.705,0.867,55.15958333333334,49,126883.01219999997,9651.999999999998,14698.477157360407,34.33333333333335,114,0.10434594594594591,11656,141827,-96,106,101,101,0.729,21,99602,1810.6380000000001,22834,0,11,0.057679999999999995,598.789,2357.183,0,0.10506899900000001,260.836,368,35,0.046278,51833.263,279256,1350,2.7473729449459463,HD#4: Wireline job,,226485.01219999997,
2023-06-04 00:00:00,27875,95634.17717658699,0.7085247050483923,20,179,878,-222,1.646,0.819,55.41791666666666,49,126629.83969999998,9642,17613.639823413,45.25833333333333,114,0.10423783783783784,11642,141870,-14,105,125,24,0.726,21,99583,1810.6380000000001,22834,0,11,0.057679999999999995,598.789,2357.183,0,0.10506899900000001,260.836,368,35,0.046278,51829.263,280677,1152,2.685264836837838,"HF#2: Opened, 'HS#3: Diverted to Platform",,226212.83969999998,
2023-06-05 00:00:00,27885,100722.27436434108,0.7231496193271805,10,179,852,-26,1.62,0.823,55.67166666666668,49,126381.25889999996,9656,14970.542635658914,35.5,114,0.10438918918918919,11629,141866,-13,105,139,14,0.728,21,94551,1810.6380000000001,22834,0,11,0.057679999999999995,598.789,2357.183,0,0.10506899900000001,260.836,368,35,0.046278,51840.263,283118,1140,2.6614161881891896,,,220932.25889999996,
2023-06-06 00:00:00,27833,99834.11349595687,0.7212075209028906,-52,180,791,-61,1.726,0.948,55.02541666666668,49,126322.5103,9652,15609.703504043126,38.16666666666666,114,0.10434594594594594,11631,141740,2,105,139,139,0.718,21,99288,1810.6380000000001,22834,0,11,0.057679999999999995,598.789,2357.183,0,0.10506899900000001,260.836,368,35,0.046278,51786.263,282743,1079,2.757372944945946,,,225610.5103,
2023-06-07 00:00:00,27791,98241.6840694864,0.717116005662694,-42,180,791,0,1.75,0.9859999999999999,54.45333333333334,49,126322.4474,9641,17476.132930513595,44.833333333333336,114,0.10422702702702703,11601,141155,-30,106,139,0,0.715,21,99307,1810.6380000000001,22834,0,11,0.057679999999999995,598.789,2357.183,0,0.10506899900000001,260.836,368,35,0.046278,51703.263,282432,1079,2.778254026027027,,,225629.4474,
2023-06-08 00:00:00,27731,99981.78525396825,0.7226394794855959,-60,180,791,0,1.698,0.854,55.55166666666667,49,126262.4408,9605,15246.031746031746,37,114,0.10383783783783784,11536,140982,-65,102,195,56,0.684,21,87311,1728.6380000000001,21738,0,5,0.057679999999999995,598.789,2357.183,0,0.10506899900000001,260.836,368,35,0.046278,51460.263,280673,1135,2.694864836837838,B-173AB Platform Shutdown,,213573.44079999998,NLM: MIP-6700 could not be started due to PSLL 6701 malfunction.
2023-06-09 00:00:00,27514,97978.29678436657,0.7191827077729919,-217,178,991,200,1.645,0.9999999999999999,53.81458333333335,49,125632.87470000001,9595,15517.520215633422,38.16666666666666,114,0.10372972972972973,11622,141159,86,106,101,-94,0.675,21,99354,1810.6380000000001,22834,0,11,0.057679999999999995,598.789,2357.183,0,0.10506899900000001,260.836,368,35,0.046278,51401.263,280214,1241,2.63275672872973,Heera:Backpressure due to PGC-A and VII trip,,224986.87470000001,
2023-06-10 00:00:00,27561,98568.41830718954,0.7203871131004066,47,178,891,-100,1.72,0.9879999999999999,54.20458333333334,49,123805.69260000001,9586.000000000002,15663.39869281046,38.800000000000004,114,0.10515643879173293,11515,139132,-107,102,155,54,0.662,21,99325,1810.6380000000001,22834,0,11,0.057679999999999995,598.789,2357.183,0,0.10506899900000001,260.836,368,35,0.046278,51332.263,278923,1195,2.696183437791733,,,223130.6926,
2023-06-11 00:00:00,27365,97924.5474075235,0.7205501508613809,-196,178,1041,150,1.735,1.0210000000000001,53.572083333333346,49,125740.18209999999,9579.002089864165,15006.269592476498,36.16666666666666,114,0.10507967316385174,11386,134665,-129,102,287,132,0.563,21,99344,1810.6380000000001,22834,0,11,0.057679999999999995,598.789,2357.183,0,0.10506899900000001,260.836,368,35,0.046278,51000.265089864166,273155,1477,2.612106672163852,,,225084.18209999998,
2023-06-12 00:00:00,27122,98691.87715037593,0.7251850832802131,-243,178,1291,250,1.7,1.0250000000000001,53.901666666666664,49,121359.57449999999,9560.000000000002,14375.939849624063,33.5,114,0.10487122416534184,11342,133760,-44,102,287,0,0.559,21,99307,1810.6380000000001,22834,0,11,0.057679999999999995,598.789,2357.183,0,0.10506899900000001,260.836,368,35,0.046278,50694.263,272387,1727,2.572898223165342,HR: Well ceased,,220666.5745,MIPs stopped for BP-1520 strainer cleaning
2023-06-13 00:00:00,27198,98377.86828205128,0.723535379705293,76,178,1191,-100,1.686,0.999,54.177916666666654,49,126662.35900000001,8949.999999999998,14342.948717948717,37.60000000000001,749,0.09817965023847375,11314,134019,-28,102,287,0,0.518,21,99332,1810.6380000000001,22834,0,11,0.057679999999999995,598.789,2357.183,0,0.10506899900000001,260.836,368,35,0.046278,50132.263,272299,2262,2.5112066492384737,R-12B-3Z: SSSV Control line rupture,,225994.359,
2023-06-14 00:00:00,27343,97726.74920338983,0.7202096639570656,145,178,907,-284,1.6,0.915,55.00083333333333,49,126356.16179999997,8344.999999999998,14144.067796610168,41,1318,0.0955230524642289,11548,136377,234,106,159,-128,0.741,21,99363,1810.6380000000001,22834,0,11,0.057679999999999995,598.789,2357.183,0,0.10506899900000001,260.836,368,35,0.046278,49906.263,273807,2419,2.6455500514642294,"R-9A: Diverted to new R10A-HRA WFL,Dewatering in progress",,225719.16179999997,
2023-06-15 00:00:00,27368,101010.15033333332,0.7290569323014999,25,178,811,-96,1.665,0.962,54.890833333333326,49,126169.72619999998,8652,12016.666666666666,27.999999999999993,1047,0.09903720190779014,11506,140895,-42,106,101,-58,0.772,21,99495,1810.6380000000001,22834,0,11,0.057679999999999995,598.789,2357.183,0,0.10506899900000001,260.836,368,35,0.046278,50196.263,279481,1994,2.7450642009077906,,,225664.72619999998,
2023-06-16 00:00:00,27204,98721.54113793102,0.7244370409291796,-164,178,927,116,1.572,0.845,55.35541666666668,49,125316.86509999997,9506,14048.275862068967,32.33333333333335,114,0.10427885532591415,11454,141203,-52,106,101,0,0.745,21,99546,1810.6380000000001,22834,0,11,0.057679999999999995,598.789,2357.183,0,0.10506899900000001,260.836,368,35,0.046278,50834.263,279532,1177,2.6303058543259143,"R10A well fluid diverted to new 10"" R10A-HRA WFL",,224862.86509999997,
2023-06-17 00:00:00,27250,100003.95985714285,0.7275107901834383,46,178,810,-117,1.674,0.958,54.54791666666667,49,125801.1322,9508.000000000004,13582.857142857149,30.000000000000004,114,0.10430079491255967,11436,141108,-18,106,101,0,0.714,21,99476,1810.6380000000001,22834,0,11,0.057679999999999995,598.789,2357.183,0,0.10506899900000001,260.836,368,35,0.046278,50864.263,280254,1060,2.7013277939125597,,,225277.1322,
2023-06-18 00:00:00,27262,100437.76000518134,0.7285682197751759,12,177,980,170,1.678,0.908,54.89708333333334,49,125619.53989999999,9504.000000000011,14773.056994818668,35.66666666666666,114,0.1042569157392688,11391,141144,-45,106,101,0,0.715,21,99432,1810.6380000000001,22834,0,11,0.057679999999999995,598.789,2357.183,0,0.10506899900000001,260.836,368,35,0.046278,50827.26300000001,281914.00000000006,1230,2.7062839147392688,HV: 'Leakage in GI line,,225051.53989999997,
2023-06-19 00:00:00,27276,101497.45953393665,0.7312642097127564,14,177,907,-73,1.737,0.957,54.63416666666668,49,125552.74009999997,9504,12901.357466063348,26.333333333333332,114,0.1042569157392687,11377,141802,-14,106,101,0,0.702,20,94853,1810.6380000000001,22834,0,11,0.057679999999999995,598.789,2357.183,0,0.10506899900000001,260.836,368,57,0.046278,50827.263,281760,1179,2.752283914739269,,,220405.74009999997,
2023-06-20 00:00:00,27270,98761.84092344496,0.7238812101412905,-6,177,877,-30,1.693,0.959,54.51583333333334,49,109255.22429999997,9506.000000000004,13644.976076555027,30.33333333333332,114,0.10427885532591419,11353,141333,-24,106,101,0,0.711,20,92545,1810.6380000000001,22834,0,11,0.057679999999999995,598.789,2357.183,0,0.10506899900000001,260.836,368,35,0.046278,50799.263,279299,1127,2.7173058543259145,,PGC-B maintenance job,201800.22429999997,' TG-4 maintenance job
2023-06-21 00:00:00,27247,102459.637861678,0.7340708930009703,-23,177,877,0,1.931,0.997,54.30083333333332,49,126065.24929999998,9509.000000000002,10781.179138321997,11.799999999999999,114,0.10431176470588238,11385,142145,32,106,109,8,0.674,20,92589,1810.6380000000001,22834,0,11,0.057679999999999995,598.789,2357.183,0,0.10506899900000001,260.836,368,57,0.046278,50811.263,280945,1157,2.9183387637058824,,PGC-IV maintenance job,218654.24929999997,
2023-06-22 00:00:00,25124,89484.09606976743,0.7192350249544707,-2123,159,2976,2099,1.664,0.961,54.253750000000004,49,126212.4353,9508,16583.720930232557,42.666666666666664,114,0.10430079491255963,11257,141147,-128,106,215,106,0.685,20,92645,1810.6380000000001,22834,0,11,0.057679999999999995,598.789,2357.183,0,0.10506899900000001,260.836,368,57,0.046278,48559.263,272774,3362,2.6623277939125596,"(2128) Leakage rectification in 10"" gas lift header at HS ",,218857.4353,
2023-06-23 00:00:00,23955,91815.68244342506,0.7390968583742699,-1169,159,4195,1219,1.75,0.97,54.18541666666666,47,123856.70449999999,9506.000000000005,11628.134556574929,18.24999999999999,114,0.10427885532591422,11236,141156,-21,105,215,0,0.681,20,92847,1810.6380000000001,22834,0,11,0.057679999999999995,598.789,2357.183,0,0.10506899900000001,260.836,368,57,0.046278,47367.263000000006,270159,4581,2.7443058543259142,"(3404) Leakage rectification in 10"" gas lift header at HS ",,216703.7045,
2023-06-24 00:00:00,23916,91397.60712345678,0.7383301297188768,-39,159,4292,97,1.646,0.908,54.505833333333335,47,123018.89746666668,9512,11743.20987654321,18.999999999999993,114,0.10434467408585056,11205,139280,-31,102,249,34,0.662,20,92979,1810.6380000000001,22834,0,11,0.057679999999999995,598.789,2357.183,0,0.10506899900000001,260.836,368,57,0.046278,47303.263,267980,4712,2.6213716730858505,,,215997.89746666668,
2023-06-25 00:00:00,24080,84713.74007692307,0.715748590746501,164,179,4168,-124,1.537,0.844,55.24916666666667,47,122824.70420000001,9502,18273.076923076922,48,114,0.10423497615262321,11201,140085,-4,102,249,0,0.7,20,93023,1810.6380000000001,22834,0,11,0.057679999999999995,598.789,2357.183,0,0.10506899900000001,260.836,368,57,0.046278,47453.263,268631,4588,2.550261975152623,,,215847.7042,
2023-06-26 00:00:00,27367,94234.2016153846,0.709585272322909,3287,178,886,-3282,1.653,0.916,54.53958333333335,47,122592.41449999998,9526,19984.615384615387,52.33333333333334,114,0.10449825119236884,11219,140039,18,105,215,-34,0.69,20,89129,1810.6380000000001,22834,0,11,0.057679999999999995,598.789,2357.183,0,0.10506899900000001,260.836,368,57,0.046278,50782.263,279817,1272,2.656525250192369,,,211721.41449999998,
2023-06-27 00:00:00,27472,98226.52288235293,0.7203199380995748,105,179,846,-40,1.684,0.975,53.99875000000001,47,122429.7551,9510,13985.29411764706,32.00000000000001,114,0.1043227344992051,10576,139836,-643,105,215,0,0.69,20,93306,1810.6380000000001,22834,0,11,0.057679999999999995,598.789,2357.183,0,0.10506899900000001,260.836,368,57,0.046278,50228.263,277607,1232,2.687349733499205,,,215735.7551,
2023-06-28 00:00:00,27293,95016.02059281437,0.712753703746839,-179,178,973,127,1.637,0.9249999999999999,54.07125000000001,47,122390.06519999998,9520,17101.79640718563,44.333333333333336,114,0.10443243243243244,10386,139245,-190,105,215,0,0.691,20,93287,1810.6380000000001,22834,0,11,0.057679999999999995,598.789,2357.183,0,0.10506899900000001,260.836,368,57,0.046278,49869.263,276922,1359,2.6414594314324327,HR-5: Well kept closed to maintain WFL pressure,,215677.06519999998,
2023-06-29 00:00:00,27178,93337.817,0.7088211308820304,-115,178,1053,80,1.537,0.83,54.47249999999999,47,122465.98549999998,9520,16800,43.333333333333336,114,0.10443243243243244,10377,138888,-9,105,215,0,0.682,20,93268,1810.6380000000001,22834,0,11,0.057679999999999995,598.789,2357.183,0,0.10506899900000001,260.836,368,57,0.046278,49745.263,274585,1439,2.5324594314324327,Heera: Due to back pressure as PGC-A Stopped.,"PGC-A  tripping, PGC-C startup activity",215733.98549999998,
2023-06-30 00:00:00,26737,96492.12003030302,0.722910015951527,-441,178,1504,451,1.453,0.78,54.99041666666667,44,103208.5844,9550,14469.69696969697,34,114,0.10476152623211447,10427,139025,50,106,215,0,0.705,20,93249,1810.6380000000001,22834,0,11,0.057679999999999995,598.789,2357.183,0,0.10506899900000001,260.836,368,57,0.046278,49384.263,275546,1890,2.471788525232115,"HM#4,6,12: SSV/SSSV CLOSED",,196457.5844,"HSD#6,8,10"
2023-07-01 00:00:00,27223,97953.57210204081,0.7220826212275231,486,178,1074,-430,1.725,0.966,54.09187500000001,47,107570.22136,9514.000000000002,14562.244897959183,34.66666666666664,114,0.10436661367249606,10341,138383,-86,106,215,0,0.7,20,89249,1810.6380000000001,22834,0,11,0.057679999999999995,598.789,2357.183,0,0.10506899900000001,260.836,368,57,0.046278,49748.263,276458,1460,2.7383936126724966,,,196819.22136,
2023-07-02 00:00:00,27279,96943.60487878787,0.7186095974653725,56,178,978,-96,1.704,0.969,54.12395833333334,47,110388.96534999998,9518,14421.212121212122,34.00000000000001,114,0.10441049284578696,10358,137877,17,106,215,0,0.736,20,93350,1810.6380000000001,22834,31,11,0.057679999999999995,598.789,2357.183,0,0.10506899900000001,260.836,368,57,0.046278,49825.263,274801,1395,2.753437491845787,,,203738.96534999998,
2023-07-03 00:00:00,27303,97251.38709345795,0.7192533616640142,24,178,903,-75,1.696,0.95,54.39958333333334,49,119319.6017,9520.940809968844,14822.429906542055,35.76666666666668,114,0.10444275292334664,10399,138076,41,106,215,0,0.741,20,93362,1795.6380000000001,22819,15,11,0.057679999999999995,598.789,2357.183,0,0.10506899900000001,260.836,368,35,0.046278,49878.20380996884,275694,1282,2.750469751923347,,,212681.6017,
2023-07-04 00:00:00,27232,97598.07328140704,0.7209780983946141,-71,178,918,15,1.675,0.906,54.58791666666667,49,122748.02910000001,9518.000000000002,14348.743718592965,33.66666666666666,114,0.10441049284578699,10334,138062,-65,106,215,0,0.732,20,89513,1810.6380000000001,22834,0,11,0.057679999999999995,598.789,2357.183,0,0.10506899900000001,260.836,368,35,0.046278,49754.263,275568,1282,2.720437491845787,,,212261.0291,
2023-07-05 00:00:00,27216,96850.57210204081,0.7189897859217033,-16,178,976,58,1.607,0.873,55.01333333333333,49,121721.24949999998,9514.000000000002,14562.244897959183,34.66666666666664,114,0.10436661367249606,10344,136808,10,106,285,70,0.703,20,93387,1810.6380000000001,22834,0,11,0.057679999999999995,598.789,2357.183,0,0.10506899900000001,260.836,368,35,0.046278,49744.263,273780,1410,2.6233936126724964,Heera (100): Back pressure due to PGC-VII tripped/started,,215108.24949999998,
2023-07-06 00:00:00,27000,96324.96334146342,0.7196988292195097,-216,173,1177,201,1.513,0.77,55.82166666666668,48,119511.50959999999,9515.999999999998,13925.853658536584,31.666666666666675,114,0.10438855325914148,10299,136731,-45,106,285,0,0.71,20,93362,1810.6380000000001,22834,0,11,0.057679999999999995,598.789,2357.183,0,0.10506899900000001,260.836,368,35,0.046278,49485.263,272541,1611,2.536415552259142,HM (213): SSVs closed due to smoke detector activation at battery room.,,212873.5096,
2023-07-07 00:00:00,27077,97788.98081418092,0.7231078616981208,77,178,1140,-37,1.6,0.845,55.322083333333346,45,111058.56729999997,9518,13962.83618581907,31.833333333333325,114,0.10441049284578696,10315,136090,16,106,285,0,0.701,19,91652,1810.6380000000001,22834,0,11,0.057679999999999995,598.789,2357.183,0,0.10506899900000001,260.836,368,35,0.046278,49580.263,273401,1574,2.6144374918457873,HR: shutdown due to fault in psv of pipe separator,,202710.56729999997,"HE#6,2,4,8"
2023-07-08 00:00:00,27208,98827.75378325123,0.7246927208355609,131,179,846,-294,1.69,0.84,55.41874999999999,45,109782.20049999999,9480,14009.85221674877,32.333333333333336,114,0.10399364069952305,10282,135711,-33,106,285,0,0.699,19,91283,1810.6380000000001,22834,0,11,0.057679999999999995,580,2338.3940000000002,0,0.10506899900000001,260.836,368,35,0.046278,49621.474,274089,1280,2.702020639699523,,,201065.20049999998,
2023-07-09 00:00:00,26913,97418.42700238663,0.7237380973176597,-295,178,1177,331,1.904,0.9959999999999999,54.03952380952382,45,109564.56649999999,9480.000000000002,13575.178997613368,30.166666666666664,114,0.10399364069952308,10207,133029,-75,105,365,80,0.711,19,91243,1810.6380000000001,22834,0,11,0.057679999999999995,580,2338.3940000000002,0,0.10506899900000001,242.836,350,35,0.046278,49233.474,269545,1691,2.928020639699523,"Back pressure due to PGC-IV S/D
'NLM-5#7: Closed for handing over to Rig GD Charu",,200807.5665,
2023-07-10 00:00:00,27158,95977.46107246376,0.7170377326454229,245,175,1015,-162,1.671,0.916,54.78208333333334,43,110417.5534,9115.000000000002,13210.144927536234,30.999999999999993,479,0.09709141494435615,10250,133869,43,105,365,0,0.72,19,91224,1725.0090000000002,21661.000000000004,0,11,0.05613,580,2338.3940000000002,0,0.10506899900000001,260.836,368,35,0.046278,49088.845,267424,1894,2.6955684139443563,"Ratna: ESP Tripped (R-9, R-10, R-13)",,201641.5534,
2023-07-11 00:00:00,27103,98148.02442397336,0.7238558783116994,-55,178,1085,70,1.78,0.947,54.27125000000001,44,102993.15189999997,8617.000000000002,11476.58157602664,24.916666666666664,977,0.12603561208267094,10536,135464,286,106,320,-45,0.758,18,84122,1725.0090000000002,21661.000000000004,85,11,0.05613,580,2338.3940000000002,0,0.10506899900000001,260.836,368,35,0.046278,48821.845,269456,2502,2.871512611082671,,,187115.15189999997,
2023-07-12 00:00:00,26952,96429.606,0.7205007764938913,-151,178,1104,19,1.666,0.916,54.88041666666667,44,102108.27469999998,8988.000000000002,12600.000000000002,28.666666666666664,576,0.12431732909379971,10129,133305,-407,102,679,359,0.776,17,80575,1725.0090000000002,21661.000000000004,85,11,0.05613,580,2338.3940000000002,0,0.10506899900000001,260.836,368,35,0.046278,48634.845,266702,2479,2.7737943280938,,,182683.27469999998,
